D e l e g a c i o n e s ,Total de Ingresos 2005,Total de Ingresos 2006,Total de Ingresos 2007,Total de Ingresos 2008,Total de Ingresos 2009,Total de Ingresos 2010,Total de Ingresos 2011,Total de Ingresos 2012,Total de Ingresos 2013,Total de Ingresos 2014,Total de Ingresos 2015,,Ingresos Programados 2005,Ingresos Programados 2006,Ingresos Programados 2007,Ingresos Programados 2008,Ingresos Programados 2009,Ingresos Programados 2010,Ingresos Programados 2011,Ingresos Programados 2012,Ingresos Programados 2013,Ingresos Programados 2014,Ingresos Programados 2015,,Ingresos Urgentes 2005,Ingresos Urgentes 2006,Ingresos Urgentes 2007,Ingresos Urgentes 2008,Ingresos Urgentes 2009,Ingresos Urgentes 2010,Ingresos Urgentes 2011,Ingresos Urgentes 2012,Ingresos Urgentes 2013,Ingresos Urgentes 2014,Ingresos Urgentes 2015,,Egresos 2005,Egresos 2006,Egresos 2007,Egresos 2008,Egresos 2009,Egresos 2010,Egresos 2011,Egresos 2012,Egresos 2013,Egresos 2014,Egresos 2015,Intervenciones Quirúrgicas 2005,Intervenciones Quirúrgicas 2006, Intervenciones Quirúrgicas 2007, Intervenciones Quirúrgicas 2008, Intervenciones Quirúrgicas 2009, Intervenciones Quirúrgicas 2010,Intervenciones Quirúrgicas  2011, Intervenciones Quirúrgicas 2012, Intervenciones Quirúrgicas 2013,Intervenciones Quirúrgicas 2014,Intervenciones Quirúrgicas 2015,Días Estancia 2005,Días Estancia 2006,Días Estancia 2007,Días Estancia 2008,Días Estancia 2009,Días Estancia 2010,Días Estancia 2011,Días Estancia 2012,Días Estancia 2013,Días Estancia 2014,Días Estancia 2015,Defunciones 2005,Defunciones 2006,Defunciones 2007,Defunciones 2008,Defunciones 2009,Defunciones 2010,Defunciones 2011,Defunciones 2012,Defunciones 2013,Defunciones 2014,Defunciones 2015
T  o  t  a  l,1927737 ,1900702 ,1954634 ,1957616 ,1933769 ,1962679 ,2010296 ,2043972 ,2031274 ,2039691 ,2015724 ,,517963 ,499438 ,506208 ,509941 ,484270 ,494913 ,491006 ,486615 ,469989 ,477469 ,473539 ,,1409774 ,1401264 ,1448426 ,1447675 ,1449499 ,1467766 ,1519290 ,1544659 ,1557357 ,1562222 ,1542185 ,,1903849 ,1880292 ,1934340 ,1940139 ,1915268 ,1944654 ,1991611 ,2011625 ,2026478 ,2017324 ,1993991 ,1423199 ,1403058 ,1431597 ,1437323 ,1441872 ,1457866 ,1487354 ,1514905 ,1522240 ,1499770 ,1469820 ,9007140 ,9021901 ,9263630 ,9236168 ,9286262 ,9476828 ,9670817 ,9865562 ,9935084 ,10082604 ,10230747 ,62534 ,61635 ,64604 ,67435 ,70578 ,73612 ,75773 ,78844 ,81972 ,81634 ,83196 
     Aguascalientes,23252 ,22883 ,22468 ,23329 ,21626 ,22557 ,21183 ,22081 ,20957 ,22728 ,23730 ,,3416 ,2635 ,3126 ,3320 ,3177 ,3942 ,4922 ,6145 ,6208 ,5896 ,7036 ,,19836 ,20248 ,19342 ,20009 ,18449 ,18615 ,16261 ,14812 ,15936 ,16832 ,16694 ,,23036 ,22772 ,22348 ,23290 ,21477 ,22427 ,21110 ,20870 ,21887 ,22476 ,23538 ,17443 ,18280 ,19587 ,20003 ,20185 ,20389 ,20975 ,21890 ,22302 ,22244 ,21261 ,99692 ,96322 ,95956 ,98622 ,93382 ,98740 ,94287 ,100984 ,106118 ,106964 ,110773 ,939 ,931 ,891 ,985 ,1003 ,987 ,1084 ,1072 ,1182 ,1068 ,1172 
     Baja California,64792 ,63106 ,68957 ,70985 ,73113 ,76161 ,80414 ,77128 ,79266 ,79756 ,77434 ,,19850 ,20925 ,22865 ,24940 ,24511 ,25835 ,24169 ,28071 ,26506 ,30560 ,26718 ,,44942 ,42181 ,46092 ,46045 ,48602 ,50326 ,56245 ,51195 ,49057 ,49196 ,50716 ,,61459 ,61660 ,67633 ,69664 ,71468 ,74523 ,78440 ,76932 ,74997 ,78439 ,76216 ,51955 ,52604 ,54711 ,54466 ,55594 ,55255 ,58600 ,57800 ,58795 ,58770 ,56614 ,269035 ,275507 ,317316 ,321100 ,343111 ,357354 ,353913 ,340693 ,349581 ,347284 ,347042 ,2015 ,1885 ,2183 ,2399 ,2563 ,2653 ,2886 ,2883 ,3030 ,3182 ,3240 
     Baja California Sur,14954 ,16080 ,17438 ,17695 ,17763 ,17980 ,18512 ,20403 ,19778 ,20053 ,22275 ,,2968 ,3225 ,3473 ,3113 ,4397 ,4042 ,4111 ,4062 ,3602 ,3590 ,4118 ,,11986 ,12855 ,13965 ,14582 ,13366 ,13938 ,14401 ,15716 ,16341 ,16463 ,18157 ,,14911 ,16007 ,17383 ,17644 ,17732 ,17944 ,18515 ,19771 ,20406 ,20060 ,22312 ,10057 ,10656 ,11748 ,12374 ,12595 ,12787 ,13393 ,15836 ,17422 ,16108 ,15673 ,51577 ,56430 ,64127 ,60275 ,60637 ,59889 ,59623 ,64794 ,70374 ,70788 ,73052 ,382 ,377 ,429 ,424 ,479 ,475 ,491 ,577 ,561 ,559 ,574 
     Campeche,13254 ,13490 ,14913 ,14870 ,14207 ,13768 ,13332 ,13328 ,13503 ,13229 ,12462 ,,1889 ,1741 ,2146 ,1897 ,1826 ,2183 ,2058 ,1588 ,1338 ,1543 ,1823 ,,11365 ,11749 ,12767 ,12973 ,12381 ,11585 ,11274 ,11915 ,11740 ,11686 ,10639 ,,13039 ,13191 ,14815 ,14747 ,14062 ,13678 ,13203 ,13436 ,13174 ,13165 ,12384 ,8256 ,9077 ,9568 ,9988 ,9753 ,10127 ,9742 ,8827 ,8707 ,9511 ,9023 ,58923 ,58578 ,56248 ,54478 ,59055 ,55455 ,56238 ,52916 ,62811 ,56012 ,53558 ,349 ,355 ,429 ,405 ,403 ,444 ,387 ,411 ,430 ,401 ,476 
     Coahuila ,105213 ,101444 ,97738 ,96964 ,93259 ,91126 ,92885 ,100284 ,94712 ,99694 ,96356 ,,26698 ,29858 ,25248 ,26499 ,23298 ,17757 ,14947 ,14390 ,13834 ,14317 ,15425 ,,78515 ,71586 ,72490 ,70465 ,69961 ,73369 ,77938 ,80322 ,85894 ,85377 ,80931 ,,102968 ,99721 ,96086 ,96093 ,92501 ,90053 ,91787 ,93402 ,99159 ,98414 ,94678 ,64282 ,64554 ,63025 ,63368 ,61466 ,61976 ,62913 ,65970 ,65746 ,62705 ,64356 ,440744 ,434286 ,442907 ,427733 ,417746 ,409038 ,422493 ,434591 ,444883 ,451040 ,466487 ,3494 ,3379 ,3329 ,3571 ,3708 ,3711 ,4021 ,3996 ,4276 ,4384 ,4189 
     Colima,17562 ,16065 ,17709 ,18097 ,18254 ,17727 ,17760 ,16673 ,15882 ,15556 ,15815 ,,3464 ,3407 ,3667 ,3803 ,3646 ,3646 ,3522 ,2786 ,2937 ,3102 ,3237 ,,14098 ,12658 ,14042 ,14294 ,14608 ,14081 ,14238 ,13096 ,13887 ,12454 ,12578 ,,17416 ,15930 ,17600 ,18001 ,18135 ,17666 ,17709 ,15899 ,16575 ,15449 ,15589 ,10821 ,11150 ,12075 ,12387 ,12197 ,12870 ,12899 ,13014 ,12630 ,12702 ,11997 ,48439 ,47478 ,52392 ,56492 ,56685 ,57457 ,58201 ,53704 ,59365 ,57188 ,60623 ,390 ,345 ,351 ,392 ,384 ,408 ,433 ,546 ,527 ,548 ,596 
     Chiapas,18150 ,17935 ,19337 ,20058 ,21498 ,21576 ,21084 ,20862 ,21056 ,20721 ,20956 ,,3239 ,3770 ,4146 ,4249 ,4180 ,4299 ,3921 ,4080 ,4563 ,3989 ,4405 ,,14911 ,14165 ,15191 ,15809 ,17318 ,17277 ,17163 ,16976 ,16782 ,16732 ,16551 ,,18182 ,17981 ,19586 ,20220 ,21418 ,21632 ,20985 ,20959 ,20693 ,20337 ,20649 ,12931 ,14543 ,15584 ,16339 ,16751 ,17208 ,18097 ,17577 ,17535 ,16383 ,16070 ,82039 ,85776 ,86468 ,85495 ,91897 ,97402 ,97736 ,93871 ,91302 ,96854 ,103408 ,541 ,557 ,563 ,597 ,657 ,611 ,626 ,629 ,653 ,703 ,794 
     Chihuahua,73821 ,78110 ,83364 ,81258 ,78341 ,84065 ,87241 ,87649 ,88480 ,88669 ,86920 ,,15056 ,15786 ,17607 ,16892 ,14844 ,17067 ,17239 ,16532 ,15570 ,15148 ,14289 ,,58765 ,62324 ,65757 ,64366 ,63497 ,66998 ,70002 ,71948 ,71117 ,73521 ,72631 ,,73820 ,77641 ,82746 ,81207 ,77963 ,83449 ,87295 ,87669 ,87367 ,88728 ,86390 ,58898 ,59030 ,63420 ,61850 ,59574 ,62376 ,60430 ,62369 ,60753 ,58201 ,56477 ,356160 ,376391 ,408594 ,394145 ,383704 ,409410 ,392230 ,401931 ,418261 ,416536 ,409977 ,3038 ,3031 ,3470 ,3703 ,3834 ,4224 ,4073 ,4096 ,4156 ,4126 ,4155 
     D.F. Norte,125095 ,121277 ,124059 ,125432 ,126778 ,126979 ,128523 ,131684 ,132334 ,136541 ,137903 ,,46328 ,43385 ,43253 ,49857 ,45147 ,52383 ,49095 ,48188 ,51776 ,50668 ,53134 ,,78767 ,77892 ,80806 ,75575 ,81631 ,74596 ,79428 ,84706 ,83496 ,85873 ,84769 ,,124373 ,120488 ,123403 ,124788 ,125992 ,125557 ,127491 ,131624 ,130776 ,135504 ,137181 ,91963 ,84443 ,85047 ,86766 ,84344 ,87075 ,89236 ,94506 ,97261 ,100895 ,101189 ,843088 ,838105 ,853542 ,861379 ,875307 ,887849 ,891612 ,920782 ,872640 ,889656 ,910982 ,5075 ,4653 ,4865 ,4966 ,5239 ,4862 ,5322 ,5596 ,5616 ,5541 ,6403 
     D.F. Sur,144247 ,138781 ,143187 ,143298 ,144497 ,151003 ,151098 ,138509 ,145337 ,137720 ,133663 ,,47939 ,39088 ,38964 ,40923 ,40669 ,44651 ,45403 ,43499 ,41804 ,43164 ,42151 ,,96308 ,99693 ,104223 ,102375 ,103828 ,106352 ,105695 ,101838 ,95010 ,94556 ,91512 ,,142344 ,137029 ,141409 ,141063 ,142834 ,149396 ,149100 ,143032 ,135990 ,134114 ,131098 ,115769 ,113704 ,117477 ,113596 ,117333 ,116466 ,121359 ,109249 ,105427 ,99661 ,93319 ,865637 ,839550 ,823210 ,805334 ,816875 ,844496 ,862858 ,853339 ,816616 ,838579 ,869726 ,4842 ,5020 ,5089 ,5182 ,5477 ,5606 ,5603 ,5674 ,5567 ,5994 ,5288 
     Durango,35158 ,34398 ,35002 ,35356 ,35224 ,37151 ,38135 ,34961 ,36715 ,34482 ,32047 ,,7785 ,6216 ,5766 ,6568 ,6018 ,6496 ,6211 ,5771 ,5344 ,5601 ,5635 ,,27373 ,28182 ,29236 ,28788 ,29206 ,30655 ,31924 ,30944 ,29190 ,28881 ,26412 ,,34871 ,34160 ,34794 ,35099 ,35006 ,37172 ,37975 ,36373 ,34868 ,34291 ,31573 ,25495 ,25265 ,25278 ,25176 ,26227 ,28899 ,29172 ,33549 ,32118 ,31386 ,30534 ,160157 ,149809 ,156125 ,157999 ,164004 ,165837 ,163929 ,163070 ,152335 ,152699 ,158361 ,1210 ,1151 ,1169 ,1290 ,1351 ,1476 ,1527 ,1342 ,1449 ,1389 ,1347 
     Guanajuato,95271 ,91930 ,91340 ,88439 ,87442 ,92452 ,93386 ,94557 ,92228 ,92571 ,90155 ,,22446 ,21104 ,21211 ,19197 ,19546 ,19006 ,18348 ,18502 ,17800 ,17849 ,17604 ,,72825 ,70826 ,70129 ,69242 ,67896 ,73446 ,75038 ,73726 ,76055 ,74722 ,72551 ,,94365 ,91288 ,90808 ,88205 ,87606 ,92599 ,93150 ,91998 ,94224 ,92687 ,90111 ,70927 ,70223 ,67544 ,66517 ,67483 ,66961 ,69137 ,70914 ,70759 ,68080 ,64745 ,387581 ,368223 ,370248 ,359713 ,356154 ,371300 ,378611 ,386451 ,399548 ,393876 ,409748 ,2164 ,2007 ,2059 ,2241 ,2248 ,2596 ,2602 ,2735 ,2887 ,2899 ,2899 
     Guerrero,26476 ,26848 ,27139 ,27870 ,27587 ,26065 ,27131 ,26435 ,28006 ,26463 ,26308 ,,8824 ,8570 ,7630 ,9056 ,8578 ,8430 ,8094 ,6844 ,4993 ,6159 ,6086 ,,17652 ,18278 ,19509 ,18814 ,19009 ,17635 ,19037 ,21162 ,19591 ,20304 ,20222 ,,25887 ,26113 ,26653 ,26656 ,27039 ,25806 ,26934 ,27896 ,26521 ,26564 ,26353 ,21872 ,23216 ,26361 ,23712 ,22413 ,23135 ,22679 ,23061 ,24414 ,21882 ,20821 ,112350 ,112824 ,112627 ,123794 ,119938 ,108016 ,109138 ,117823 ,123398 ,119820 ,127629 ,568 ,703 ,591 ,779 ,835 ,749 ,780 ,925 ,1049 ,901 ,1055 
     Hidalgo,25230 ,25181 ,25784 ,25070 ,24893 ,24680 ,25578 ,24181 ,24957 ,23681 ,23362 ,,4647 ,5731 ,5037 ,5283 ,4693 ,4911 ,4650 ,4359 ,4392 ,4349 ,4580 ,,20583 ,19450 ,20747 ,19787 ,20200 ,19769 ,20928 ,20598 ,19822 ,19332 ,18782 ,,25127 ,25155 ,25845 ,25132 ,24889 ,24635 ,25571 ,24877 ,24165 ,23629 ,23355 ,15095 ,15543 ,16086 ,16444 ,15975 ,16746 ,16573 ,17482 ,16813 ,16054 ,15534 ,97350 ,92169 ,92058 ,89382 ,89239 ,89836 ,94308 ,94021 ,97481 ,95884 ,95862 ,579 ,604 ,660 ,790 ,812 ,871 ,855 ,888 ,963 ,907 ,952 
     Jalisco,191878 ,184406 ,196133 ,196929 ,190390 ,197719 ,201689 ,205614 ,202063 ,205182 ,204183 ,,58231 ,57075 ,64436 ,63479 ,57443 ,56689 ,56127 ,58971 ,51334 ,51367 ,50257 ,,133647 ,127331 ,131697 ,133450 ,132947 ,141030 ,145562 ,143092 ,146643 ,153815 ,153926 ,,189257 ,182524 ,192756 ,194083 ,186518 ,193327 ,197482 ,198777 ,201856 ,200002 ,199065 ,119677 ,117990 ,123696 ,126864 ,127915 ,135456 ,138270 ,144259 ,145819 ,143920 ,141915 ,857585 ,837267 ,905381 ,955494 ,944236 ,966877 ,1015750 ,1035464 ,1028375 ,1010720 ,1021583 ,6266 ,6114 ,6198 ,6566 ,6892 ,7120 ,7702 ,7983 ,8111 ,8203 ,8640 
     México Oriente    ,93915 ,95540 ,96098 ,92589 ,93481 ,91550 ,92324 ,109916 ,103444 ,107545 ,108574 ,,14482 ,14879 ,14902 ,14228 ,14821 ,13779 ,13878 ,15890 ,19482 ,18947 ,19365 ,,79433 ,80661 ,81196 ,78361 ,78660 ,77771 ,78446 ,87554 ,94026 ,88598 ,89209 ,,92378 ,93834 ,94713 ,91441 ,92404 ,90468 ,91359 ,102268 ,108872 ,106284 ,106973 ,70879 ,73841 ,77128 ,76316 ,77746 ,73430 ,74624 ,79975 ,82400 ,80922 ,83637 ,419566 ,419486 ,404174 ,388577 ,396501 ,394480 ,414360 ,464823 ,491946 ,534956 ,557144 ,3060 ,2964 ,3221 ,3014 ,3286 ,3666 ,3830 ,4350 ,4972 ,5000 ,4672 
     México Poniente,52644 ,52254 ,52805 ,51623 ,52573 ,54201 ,54144 ,57947 ,53390 ,66753 ,67260 ,,15554 ,16991 ,15132 ,15044 ,15895 ,16974 ,15887 ,15291 ,16460 ,18418 ,19228 ,,37090 ,35263 ,37673 ,36579 ,36678 ,37227 ,38257 ,37539 ,42656 ,48335 ,48032 ,,51455 ,51767 ,52195 ,50906 ,52120 ,54354 ,53795 ,52622 ,57429 ,65693 ,66616 ,48007 ,48304 ,48719 ,44413 ,44945 ,48424 ,49518 ,49486 ,47967 ,53347 ,58391 ,263116 ,253366 ,261568 ,257747 ,252976 ,270132 ,276702 ,271866 ,302360 ,354176 ,377683 ,1365 ,1306 ,1394 ,1256 ,1255 ,1593 ,1508 ,1569 ,1730 ,2075 ,2151 
     Michoacán,48726 ,48617 ,53184 ,54751 ,51889 ,50488 ,53385 ,56313 ,55168 ,57203 ,58469 ,,12072 ,11442 ,13104 ,13020 ,10341 ,11893 ,11243 ,9514 ,11590 ,11381 ,10795 ,,36654 ,37175 ,40080 ,41731 ,41548 ,38595 ,42142 ,45654 ,46799 ,45822 ,47674 ,,47396 ,47571 ,51899 ,54338 ,51297 ,50126 ,53549 ,54572 ,55937 ,56871 ,58397 ,32174 ,31846 ,33661 ,34435 ,35087 ,35513 ,36927 ,36870 ,38728 ,39928 ,40444 ,194956 ,203461 ,202616 ,201574 ,199886 ,199187 ,205791 ,215944 ,223829 ,225502 ,225111 ,1213 ,1223 ,1318 ,1366 ,1407 ,1381 ,1492 ,1651 ,1789 ,1684 ,1777 
     Morelos,26260 ,25557 ,25898 ,25763 ,25395 ,26347 ,27470 ,28399 ,27369 ,26601 ,27717 ,,3195 ,2824 ,2933 ,3041 ,2998 ,3029 ,3244 ,2429 ,3116 ,2358 ,2565 ,,23065 ,22733 ,22965 ,22722 ,22397 ,23318 ,24226 ,24940 ,25970 ,24243 ,25152 ,,26131 ,25526 ,25746 ,25628 ,25202 ,26137 ,27364 ,27304 ,28281 ,26543 ,27677 ,22469 ,21654 ,21786 ,24552 ,25512 ,24826 ,24981 ,24294 ,22966 ,21280 ,22339 ,109881 ,113764 ,114296 ,115754 ,115152 ,121233 ,119638 ,122126 ,124892 ,120065 ,124616 ,891 ,921 ,911 ,966 ,951 ,1087 ,991 ,1038 ,1083 ,1131 ,1084 
     Nayarit,19148 ,18831 ,18860 ,18547 ,18974 ,18416 ,19421 ,20245 ,18328 ,18353 ,17370 ,,6324 ,6698 ,6608 ,7447 ,7264 ,7139 ,8491 ,6149 ,4928 ,5456 ,4908 ,,12824 ,12133 ,12252 ,11100 ,11710 ,11277 ,10930 ,12179 ,14096 ,12897 ,12462 ,,19035 ,18617 ,18775 ,18571 ,18885 ,18244 ,19174 ,18169 ,20194 ,18336 ,17352 ,12555 ,12337 ,12331 ,12725 ,12625 ,12971 ,13995 ,14095 ,14421 ,14231 ,14214 ,63793 ,67301 ,64903 ,63812 ,67389 ,66631 ,72368 ,64632 ,73691 ,68656 ,69568 ,500 ,468 ,515 ,574 ,577 ,585 ,544 ,548 ,606 ,540 ,590 
     Nuevo León,139206 ,136592 ,134095 ,132267 ,127610 ,131305 ,143093 ,147091 ,146832 ,142247 ,139948 ,,37752 ,33377 ,31569 ,28461 ,32558 ,41062 ,39218 ,40068 ,34709 ,33817 ,29323 ,,101454 ,103215 ,102526 ,103806 ,95052 ,90243 ,103875 ,106764 ,107023 ,108430 ,110625 ,,138328 ,135498 ,133190 ,131090 ,125917 ,129601 ,140422 ,144635 ,145713 ,141036 ,139679 ,124518 ,108074 ,103426 ,103256 ,103074 ,97639 ,101351 ,105910 ,106929 ,109214 ,104857 ,711891 ,718432 ,744017 ,722413 ,737942 ,752607 ,777604 ,760940 ,773107 ,751978 ,745095 ,5659 ,5708 ,5809 ,5945 ,6210 ,6364 ,6618 ,6763 ,6994 ,6707 ,6902 
     Oaxaca,22651 ,22547 ,22672 ,22046 ,23171 ,24633 ,25023 ,23912 ,24649 ,24592 ,24555 ,,5662 ,5242 ,5554 ,4756 ,4867 ,4423 ,5116 ,5313 ,4016 ,3734 ,4283 ,,16989 ,17305 ,17118 ,17290 ,18304 ,20210 ,19907 ,19336 ,18599 ,20858 ,20272 ,,22558 ,22490 ,22582 ,22052 ,23112 ,24592 ,25007 ,24583 ,23918 ,24577 ,24550 ,17195 ,17060 ,17568 ,17774 ,16988 ,17216 ,17673 ,17907 ,17852 ,17875 ,17799 ,83057 ,85297 ,87378 ,82581 ,85906 ,87971 ,91384 ,91421 ,90892 ,96208 ,95280 ,457 ,506 ,517 ,480 ,481 ,552 ,541 ,517 ,571 ,638 ,625 
     Puebla,66167 ,64715 ,64643 ,66838 ,65287 ,71228 ,73654 ,75155 ,75383 ,74477 ,71262 ,,34128 ,33051 ,31658 ,28225 ,21362 ,18784 ,19380 ,19386 ,16502 ,18612 ,18918 ,,32039 ,31664 ,32985 ,38613 ,43925 ,52444 ,54274 ,55997 ,55769 ,55865 ,52344 ,,65372 ,63669 ,63293 ,65814 ,64603 ,70239 ,72843 ,75353 ,76039 ,73896 ,70557 ,56269 ,55017 ,51361 ,53548 ,53956 ,54747 ,55501 ,54779 ,54231 ,53693 ,51453 ,313753 ,318580 ,328282 ,325500 ,333204 ,357920 ,376902 ,384613 ,370326 ,365382 ,371136 ,2402 ,2264 ,2558 ,2464 ,2495 ,2675 ,3056 ,3263 ,3243 ,3091 ,3113 
     Querétaro,25055 ,25225 ,27229 ,26710 ,26638 ,26663 ,26859 ,26737 ,27452 ,25722 ,25476 ,,4033 ,4207 ,4677 ,5183 ,4437 ,4666 ,4342 ,4323 ,3983 ,3965 ,4023 ,,21022 ,21018 ,22552 ,21527 ,22201 ,21997 ,22517 ,23129 ,22414 ,21757 ,21453 ,,25224 ,25514 ,27385 ,26856 ,26658 ,26643 ,27014 ,27677 ,27304 ,25966 ,25623 ,22762 ,24011 ,26333 ,27012 ,25923 ,26972 ,26538 ,26132 ,25551 ,25586 ,25298 ,107622 ,107535 ,114764 ,110973 ,109511 ,112249 ,114905 ,123838 ,123841 ,120577 ,122836 ,814 ,852 ,980 ,1075 ,1116 ,1122 ,1175 ,1205 ,1316 ,1229 ,1135 
     Quintana Roo,21921 ,21725 ,23416 ,25745 ,27305 ,27391 ,32433 ,34754 ,33578 ,32971 ,34144 ,,3678 ,3711 ,3414 ,3781 ,4597 ,4478 ,5112 ,5464 ,5527 ,5386 ,5760 ,,18243 ,18014 ,20002 ,21964 ,22708 ,22913 ,27321 ,28114 ,29290 ,27585 ,28384 ,,21703 ,21556 ,23127 ,25645 ,27218 ,27323 ,32310 ,33447 ,34589 ,32849 ,34049 ,15172 ,14817 ,15280 ,16277 ,18361 ,17901 ,20187 ,21691 ,22647 ,22040 ,22540 ,75766 ,80152 ,87777 ,94704 ,105086 ,107308 ,128530 ,133310 ,144283 ,146917 ,154942 ,451 ,498 ,501 ,589 ,714 ,721 ,778 ,844 ,979 ,980 ,1149 
     San Luis Potosí,37080 ,37408 ,39828 ,40631 ,39272 ,40787 ,41439 ,42329 ,41166 ,43302 ,44522 ,,7630 ,6953 ,7656 ,8073 ,7806 ,7711 ,8078 ,7608 ,8297 ,7555 ,8150 ,,29450 ,30455 ,32172 ,32558 ,31466 ,33076 ,33361 ,33558 ,34721 ,35747 ,36372 ,,36529 ,36770 ,39521 ,40274 ,39085 ,40476 ,41068 ,40742 ,41870 ,42876 ,43623 ,25705 ,25136 ,26619 ,27213 ,26745 ,28107 ,28673 ,29607 ,29728 ,28662 ,28142 ,166671 ,182171 ,195129 ,183395 ,182439 ,183680 ,175056 ,186011 ,186290 ,199356 ,198956 ,1292 ,1292 ,1472 ,1492 ,1561 ,1571 ,1571 ,1572 ,1651 ,1667 ,1475 
     Sinaloa,61780 ,60879 ,60291 ,62993 ,61931 ,62006 ,64582 ,68509 ,66569 ,69427 ,68270 ,,13848 ,13016 ,14354 ,14212 ,14387 ,12976 ,12781 ,12216 ,12721 ,11814 ,12292 ,,47932 ,47863 ,45937 ,48781 ,47544 ,49030 ,51801 ,54353 ,56293 ,57613 ,55978 ,,61041 ,59787 ,59792 ,63040 ,61855 ,62494 ,65015 ,66796 ,68018 ,68659 ,67426 ,43887 ,42059 ,43065 ,46650 ,48227 ,48230 ,47830 ,49045 ,49565 ,49494 ,49673 ,271813 ,286773 ,282549 ,279134 ,278625 ,283554 ,290888 ,307895 ,308661 ,323085 ,321853 ,2064 ,2015 ,2149 ,2213 ,2511 ,2482 ,2510 ,2647 ,2705 ,2702 ,2812 
     Sonora,63757 ,65774 ,68939 ,69748 ,65893 ,65822 ,67051 ,69283 ,67474 ,70506 ,68382 ,,17745 ,18200 ,19247 ,18481 ,17860 ,16594 ,17269 ,17791 ,18916 ,19030 ,19282 ,,46012 ,47574 ,49692 ,51267 ,48033 ,49228 ,49782 ,49683 ,51492 ,51476 ,49100 ,,63539 ,65836 ,68940 ,69625 ,65616 ,65493 ,66628 ,67227 ,68916 ,69935 ,67791 ,43337 ,44968 ,46206 ,45818 ,46998 ,49259 ,49028 ,51038 ,55272 ,56114 ,53063 ,286999 ,296577 ,305662 ,331809 ,321068 ,327589 ,336424 ,335260 ,349132 ,363072 ,367316 ,1899 ,1826 ,1890 ,2097 ,2163 ,2294 ,2280 ,2450 ,2573 ,2623 ,2705 
     Tabasco,17226 ,17367 ,19218 ,19957 ,20799 ,18978 ,18706 ,19147 ,19577 ,18931 ,18298 ,,3848 ,2859 ,3319 ,3832 ,3263 ,3506 ,3250 ,3664 ,3266 ,3414 ,3609 ,,13378 ,14508 ,15899 ,16125 ,17536 ,15472 ,15456 ,15913 ,15483 ,15517 ,14689 ,,16998 ,17182 ,19015 ,19709 ,20542 ,18737 ,18370 ,19263 ,18781 ,18694 ,17952 ,14640 ,13934 ,13356 ,14538 ,15176 ,15370 ,15513 ,15624 ,15617 ,15490 ,14672 ,62617 ,63335 ,63817 ,72769 ,78970 ,72209 ,73892 ,79496 ,79895 ,81953 ,86538 ,290 ,338 ,327 ,363 ,422 ,470 ,482 ,468 ,556 ,556 ,478 
     Tamaulipas,66512 ,64837 ,66842 ,66136 ,62207 ,57592 ,58848 ,56563 ,59114 ,55009 ,53958 ,,15811 ,17824 ,15160 ,15097 ,12870 ,11137 ,11515 ,12468 ,10458 ,11215 ,11230 ,,50701 ,47013 ,51682 ,51039 ,49337 ,46455 ,47333 ,46646 ,44095 ,43794 ,42728 ,,66364 ,64997 ,66784 ,66133 ,62055 ,57443 ,59013 ,59068 ,56517 ,54863 ,53992 ,45333 ,46796 ,47439 ,47098 ,46554 ,45711 ,45724 ,44317 ,43957 ,42560 ,40507 ,293813 ,291066 ,289505 ,274269 ,258251 ,259922 ,271535 ,281410 ,278939 ,293544 ,281414 ,2426 ,2435 ,2491 ,2568 ,2593 ,2891 ,2945 ,3128 ,3177 ,2965 ,2853 
     Tlaxcala,15131 ,17247 ,18060 ,15944 ,15789 ,15066 ,14836 ,15148 ,14651 ,15115 ,14573 ,,2768 ,2777 ,2799 ,2341 ,2316 ,2263 ,1878 ,1677 ,1536 ,1993 ,2055 ,,12363 ,14470 ,15261 ,13603 ,13473 ,12803 ,12958 ,12974 ,13471 ,13122 ,12518 ,,15045 ,17110 ,17964 ,15920 ,15731 ,15026 ,14797 ,14609 ,15141 ,15079 ,14577 ,9782 ,10277 ,10460 ,10271 ,10015 ,9854 ,9723 ,9851 ,10922 ,10844 ,9966 ,53857 ,62388 ,58787 ,54315 ,59381 ,52713 ,53395 ,51934 ,55611 ,52992 ,53520 ,317 ,310 ,351 ,325 ,401 ,404 ,407 ,441 ,464 ,424 ,423 
     Veracruz Norte,62824 ,61858 ,62064 ,62793 ,63415 ,64460 ,65240 ,64381 ,66589 ,63063 ,61879 ,,21318 ,18642 ,20298 ,19031 ,19099 ,19211 ,19425 ,18121 ,17786 ,15925 ,15709 ,,41506 ,43216 ,41766 ,43762 ,44316 ,45249 ,45815 ,48468 ,46260 ,47138 ,46170 ,,62249 ,61401 ,61517 ,62316 ,62836 ,63866 ,64641 ,65604 ,63578 ,61847 ,61185 ,48331 ,47713 ,47393 ,47454 ,46508 ,46910 ,47449 ,45902 ,45993 ,43549 ,42588 ,284252 ,279833 ,286773 ,297796 ,297114 ,318087 ,322735 ,350221 ,338192 ,354926 ,345764 ,2023 ,2003 ,2099 ,2187 ,2277 ,2440 ,2393 ,2467 ,2558 ,2355 ,2683 
     Veracruz Sur,49565 ,50130 ,51992 ,51527 ,51894 ,50861 ,48529 ,50308 ,50611 ,48671 ,46693 ,,11022 ,10381 ,10032 ,10414 ,10423 ,9583 ,10189 ,9506 ,8948 ,9551 ,9059 ,,38543 ,39749 ,41960 ,41113 ,41471 ,41278 ,38340 ,41105 ,40802 ,39120 ,37634 ,,49172 ,49746 ,51464 ,51208 ,51624 ,50272 ,47747 ,50331 ,49836 ,48106 ,45697 ,34851 ,33700 ,33539 ,33227 ,33114 ,34054 ,35002 ,36139 ,35017 ,33586 ,31905 ,198896 ,203952 ,214323 ,213535 ,212443 ,213493 ,203811 ,203725 ,199017 ,199132 ,187619 ,1378 ,1456 ,1613 ,1669 ,1678 ,1844 ,1750 ,1847 ,1951 ,1904 ,2100 
     Yucatán,44907 ,43773 ,45638 ,47433 ,47140 ,45256 ,47039 ,46230 ,46783 ,45182 ,44721 ,,10627 ,10485 ,11349 ,11688 ,11644 ,10923 ,14315 ,11993 ,12152 ,14320 ,13406 ,,34280 ,33288 ,34289 ,35745 ,35496 ,34333 ,32724 ,34790 ,34237 ,30862 ,31315 ,,43713 ,42328 ,44673 ,46133 ,45979 ,44863 ,46707 ,46050 ,45757 ,44588 ,43750 ,27413 ,28740 ,31855 ,31353 ,30322 ,29475 ,29457 ,31431 ,32111 ,29582 ,26776 ,238865 ,246268 ,241922 ,238107 ,240360 ,226609 ,229294 ,240614 ,250697 ,246549 ,251508 ,1644 ,1558 ,1672 ,1881 ,1978 ,1964 ,1798 ,1937 ,1805 ,1749 ,1940 
     Zacatecas,18909 ,17892 ,18294 ,17925 ,18234 ,18620 ,18269 ,17256 ,17873 ,16975 ,16084 ,,3686 ,3363 ,3868 ,4510 ,3489 ,3445 ,3578 ,3956 ,3595 ,3276 ,3081 ,,15223 ,14529 ,14426 ,13415 ,14745 ,15175 ,14691 ,13917 ,13300 ,13699 ,13003 ,,18564 ,17433 ,17900 ,17548 ,17889 ,18393 ,18041 ,17790 ,17130 ,16767 ,16033 ,12479 ,12496 ,12865 ,13543 ,14191 ,13531 ,14185 ,14509 ,13865 ,13271 ,12028 ,75599 ,73449 ,78189 ,75969 ,82088 ,90298 ,84676 ,81049 ,76395 ,79678 ,74037 ,537 ,580 ,540 ,621 ,617 ,713 ,712 ,786 ,792 ,809 ,749 
,,,,,,,,,,,,,,,,,,,,,,,,,,,,,,,,,,,,,,,,,,,,,,,,,,,,,,,,,,,,,,,,,,,,,,,,,,,,,,,,
,,,,,,,,,,,,,,,,,,,,,,,,,,,,,,,,,,,,,,,,,,,,,,,,,,,,,,,,,,,,,,,,,,,,,,,,,,,,,,,,
,,,,,,,,,,,,,,,,,,,,,,,,,,,,,,,,,,,,,,,,,,,,,,,,,,,,,,,,,,,,,,,,,,,,,,,,,,,,,,,,
,,,,,,,,,,,,,,,,,,,,,,,,,,,,,,,,,,,,,,,,,,,,,,,,,,,,,,,,,,,,,,,,,,,,,,,,,,,,,,,,
